epoch,train loss,validation loss,wall time (seconds)
0,0.11951445788145065,0.11453128606081009,0.1547591000016837
1,0.11870542168617249,0.11374155431985855,0.30796900000132155
2,0.11785925179719925,0.11291635781526566,0.4598234000004595
3,0.11687496304512024,0.11195506155490875,0.6146074999996927
4,0.11608319729566574,0.11118290573358536,0.7662760999992315
5,0.11520955711603165,0.11033199727535248,0.9190874000014446
6,0.11440219730138779,0.10954444110393524,1.0765605999986292
7,0.11367167532444,0.10883203148841858,1.2419814999993832
8,0.11281833797693253,0.10800029337406158,1.3994807999988552
9,0.11208696663379669,0.10728764533996582,1.561418199999025
10,0.11116360872983932,0.10638847947120667,1.7188266000011936
11,0.11046124994754791,0.10570620745420456,1.8682186000005458
12,0.10964372009038925,0.10491219162940979,2.0146477999987837
13,0.10885260254144669,0.1041436642408371,2.1620125000008557
14,0.1079903244972229,0.1033061221241951,2.31595169999855
15,0.1070861741900444,0.10242895781993866,2.477870200000325
16,0.10637569427490234,0.10173969715833664,2.6275791000007303
17,0.10555314272642136,0.10093985497951508,2.790536799999245
18,0.10469420999288559,0.10010584443807602,2.9477818999985175
19,0.1039838120341301,0.09941709041595459,3.10602949999884
20,0.10321098566055298,0.0986691266298294,3.258503199998813
21,0.1024569571018219,0.09793870896100998,3.4132761000000755
22,0.10170724987983704,0.09721412509679794,3.5670489000003727
23,0.10087224841117859,0.0964079350233078,3.7157968999999866
24,0.1000257208943367,0.09559053182601929,3.874293299999408
25,0.09928422421216965,0.09487560391426086,4.022084399999585
26,0.09857866168022156,0.094197116792202,4.174698499999067
27,0.09786152094602585,0.09350689500570297,4.3319052000006195
28,0.09708995372056961,0.09276361763477325,4.479635499999858
29,0.09646081179380417,0.0921589583158493,4.6268593999993755
30,0.0958106592297554,0.09153544157743454,4.780752599999687
31,0.0950767770409584,0.09083196520805359,4.938998300000094
32,0.09437771886587143,0.09016471356153488,5.0971883999991405
33,0.09368252754211426,0.08950118720531464,5.247907299999497
34,0.09296394884586334,0.08881528675556183,5.40956880000158
35,0.09226619452238083,0.08815381675958633,5.554813900002046
36,0.09166157245635986,0.08758091926574707,5.714292299999215
37,0.09082462638616562,0.08679452538490295,5.874447099999088
38,0.09018956124782562,0.08620249480009079,6.031874399999651
39,0.08969636261463165,0.08574363589286804,6.182157300001563
40,0.08906153589487076,0.08515911549329758,6.333154299998569
41,0.08844700455665588,0.0846005529165268,6.490764599999238
42,0.08789047598838806,0.08410794287919998,6.65239450000081
43,0.08727021515369415,0.08355977386236191,6.812100700000883
44,0.08675597608089447,0.08315005898475647,6.965510900001391
45,0.08634799718856812,0.08287277072668076,7.1154050000004645
46,0.08621760457754135,0.08291947841644287,7.2639506999985315
47,0.08626632392406464,0.08317273110151291,7.421767799998634
48,0.0865744799375534,0.08360524475574493,7.57051870000214
49,0.08698331564664841,0.08421147614717484,7.716312600001402
50,0.0880683958530426,0.08555228263139725,7.874929500001599
51,0.08843011409044266,0.08598576486110687,8.027640399999655
52,0.08883707225322723,0.08647175878286362,8.174601400001848
53,0.08911209553480148,0.08683755993843079,8.328679300000658
54,0.08930771797895432,0.08708702772855759,8.483791999999085
55,0.08952344208955765,0.0873570665717125,8.631254899999476
56,0.08967726677656174,0.087555892765522,8.778235199999472
57,0.08983075618743896,0.08775868266820908,8.923683299999539
58,0.08994153887033463,0.08790215104818344,9.074279399999796
59,0.09001471102237701,0.08800652623176575,9.223875100000441
60,0.09009385108947754,0.0881253108382225,9.38893200000166
61,0.0901411920785904,0.08820725232362747,9.55512760000056
62,0.09012949466705322,0.08821915835142136,9.712812900001154
63,0.09008515626192093,0.08819427341222763,9.886155000000144
64,0.09000232815742493,0.08812684565782547,10.04638039999918
65,0.08989249914884567,0.08802956342697144,10.201040700001613
66,0.08976005762815475,0.08791040629148483,10.354423900000256
67,0.08961773663759232,0.08778400719165802,10.507965500000864
68,0.0894344374537468,0.08761198818683624,10.655230899999879
69,0.089242123067379,0.08743169158697128,10.799744899999496
70,0.08903071284294128,0.08723334968090057,10.94861310000124
71,0.0887979045510292,0.08701160550117493,11.098823100001027
72,0.08855631947517395,0.0867864266037941,11.24792570000136
73,0.08828777074813843,0.08652511239051819,11.399908700001106
74,0.08798574656248093,0.08622398972511292,11.554438700000901
75,0.0876678079366684,0.08590490370988846,11.706366800000978
76,0.0873219221830368,0.08555903285741806,11.866816400000971
77,0.08695833384990692,0.08519184589385986,12.020826600000873
78,0.08657810837030411,0.08481111377477646,12.175720399998681
79,0.08615143597126007,0.08437833935022354,12.327960099999473
80,0.08575253188610077,0.08397283405065536,12.487873500002024
81,0.08531339466571808,0.08353250473737717,12.63924450000195
82,0.08488578349351883,0.083096943795681,12.791366299999936
83,0.08438701182603836,0.0825837105512619,12.946004699999321
84,0.08386809378862381,0.08205752074718475,13.103020900001866
85,0.08341147750616074,0.08159909397363663,13.251847800001997
86,0.08297459036111832,0.08115063607692719,13.413665899999614
87,0.082501120865345,0.0806657001376152,13.560214299999643
88,0.08201397955417633,0.08016074448823929,13.712235099999816
89,0.08155625313520432,0.07968741655349731,13.865048999999999
90,0.08098986744880676,0.07909485697746277,14.022278100001131
91,0.08045820146799088,0.0785389095544815,14.178088399999979
92,0.07989268004894257,0.07794619351625443,14.328456999999617
93,0.07913946360349655,0.07713944464921951,14.482180400002107
94,0.07810311019420624,0.07599096745252609,14.639335799998662
95,0.07749615609645844,0.07529675960540771,14.792670999999245
96,0.07719269394874573,0.07494939863681793,14.941657100000157
97,0.07691960036754608,0.07459242641925812,15.099037100000714
98,0.07694782316684723,0.074581079185009,15.248317400000815
99,0.07732780277729034,0.0749419778585434,15.433055000001332
100,0.0779789537191391,0.0755259171128273,15.591163400000369
101,0.07842815667390823,0.07595289498567581,15.757864700000937
102,0.0789244994521141,0.07642313092947006,15.90750939999998
103,0.07932055741548538,0.0768016129732132,16.06323429999975
104,0.07984708249568939,0.07730193436145782,16.207534100001794
105,0.08026886731386185,0.0777113288640976,16.37111089999962
106,0.0806378647685051,0.07807653397321701,16.526126500000828
107,0.08094487339258194,0.07838351279497147,16.676610400001664
108,0.08129791170358658,0.07873246818780899,16.82912750000105
109,0.08157414197921753,0.07901173084974289,16.98298860000068
110,0.08178233355283737,0.07922820746898651,17.14350099999865
111,0.08198292553424835,0.07943131029605865,17.30058790000112
112,0.08218169212341309,0.07962191104888916,17.455375500001537
113,0.08244471251964569,0.07987949252128601,17.61123790000056
114,0.08261341601610184,0.08004695177078247,17.764187500000844
115,0.08276049792766571,0.0801946371793747,17.926557499999035
116,0.08294562250375748,0.08037219941616058,18.082949399999052
117,0.08309750258922577,0.08052416890859604,18.243492400000832
118,0.08324461430311203,0.08067216724157333,18.39756050000142
119,0.08338785171508789,0.08081112802028656,18.563173300000926
120,0.08350428193807602,0.08093051612377167,18.714144199999282
121,0.08362188935279846,0.081047423183918,18.869125799999892
122,0.08374663442373276,0.0811728686094284,19.06111619999865
123,0.0838712528347969,0.08130085468292236,19.224096900001314
124,0.08399404585361481,0.08142304420471191,19.370241699998587
125,0.08409211784601212,0.08152401447296143,19.523715399998764
126,0.08419014513492584,0.08162124454975128,19.67514630000005
127,0.08429974317550659,0.08173203468322754,19.824389000001247
128,0.08440231531858444,0.08183444291353226,19.98053280000022
129,0.08448468148708344,0.08191956579685211,20.133376199999475
130,0.08456845581531525,0.08200616389513016,20.29687120000017
131,0.08463256806135178,0.0820760428905487,20.449352100000397
132,0.08470761775970459,0.08215425908565521,20.61109159999978
133,0.08482538908720016,0.08227196335792542,20.7778244000001
134,0.08486246317625046,0.08230765163898468,20.926821299999574
135,0.1094302088022232,0.1891084611415863,21.079157100000884
136,0.11159162223339081,0.19192324578762054,21.24113049999869
137,0.1378348469734192,0.19273222982883453,21.392770499998733
138,0.13784843683242798,0.19273613393306732,21.54180930000075
139,0.13779355585575104,0.1926700919866562,21.698868700001185
140,0.13749223947525024,0.1922721415758133,21.853462999999465
141,0.13586390018463135,0.19024990499019623,22.005459700001666
142,0.13578158617019653,0.19013279676437378,22.163412699999753
143,0.13492225110530853,0.18961887061595917,22.31647890000022
144,0.11017569899559021,0.18704085052013397,22.47329449999961
145,0.08457791805267334,0.1780461072921753,22.624705599999288
146,0.08440885692834854,0.08193632960319519,22.765261500000634
147,0.0842306986451149,0.08177762478590012,22.917953200001648
148,0.08405424654483795,0.08161943405866623,23.07101160000093
149,0.08385152369737625,0.08143694698810577,23.227975800000422
150,0.0835941731929779,0.08120477944612503,23.385100300001795
151,0.08342158794403076,0.0810481458902359,23.538015000001906
152,0.08326541632413864,0.08090193569660187,23.694241400000465
153,0.08314946293830872,0.08078647404909134,23.8468443999991
154,0.08305395394563675,0.08069483190774918,23.98933279999983
155,0.0829441174864769,0.08057905733585358,24.135383699998783
156,0.08294583112001419,0.08053039014339447,24.287551800000074
157,0.0829526036977768,0.08048103749752045,24.439979599999788
158,0.08293616026639938,0.0804351270198822,24.587011200001143
159,0.08291731774806976,0.08039350807666779,24.738934799999697
160,0.08288699388504028,0.08030922710895538,24.891662500001985
161,0.08279532939195633,0.08022669702768326,25.042720299999928
162,0.08279801160097122,0.0801939144730568,25.202395700001944
163,0.08277793228626251,0.08015331625938416,25.35280319999947
164,0.08280777186155319,0.08013022691011429,25.50686290000158
165,0.08284635841846466,0.08010201901197433,25.657667700001184
166,0.08288505673408508,0.0800788551568985,25.810545899999852
167,0.08281681686639786,0.08003110438585281,25.9634659000003
168,0.08268063515424728,0.07995245605707169,26.11203409999871
169,0.08260426670312881,0.0799117386341095,26.27283879999959
170,0.08253438770771027,0.07987605780363083,26.42805859999862
171,0.08243341743946075,0.07982539385557175,26.583280200000445
172,0.08227838575839996,0.07975169271230698,26.730768100002024
173,0.08218348026275635,0.07969959080219269,26.877583000001323
174,0.08206944912672043,0.07964839786291122,27.019389900000533
175,0.08191802352666855,0.07957334816455841,27.15881900000022
176,0.0817691758275032,0.07948905974626541,27.309733900001447
177,0.08164036273956299,0.07940555363893509,27.462687300001562
178,0.08151893317699432,0.07932798564434052,27.61110660000122
179,0.08130384981632233,0.07918597012758255,27.765410700001667
180,0.08115823566913605,0.07908619940280914,27.91727190000165
181,0.08107882738113403,0.07904143631458282,28.064620699999068
182,0.08103938400745392,0.07904209941625595,28.213378000000375
183,0.0810047835111618,0.07904058694839478,28.37065150000126
184,0.08093197643756866,0.07901095598936081,28.519200400001864
185,0.08081051707267761,0.07892179489135742,28.667484900001
186,0.08074526488780975,0.0788939818739891,28.81812870000067
187,0.08073681592941284,0.07892464101314545,28.971185599999444
188,0.08063006401062012,0.0788445845246315,29.114904599999136
189,0.08053675293922424,0.07877540588378906,29.271199499999057
190,0.08042295277118683,0.07869894057512283,29.42150219999894
191,0.0803808867931366,0.07870732247829437,29.579001599999174
192,0.08037332445383072,0.07871896028518677,29.726667899998574
193,0.08035238087177277,0.07874661684036255,29.872589499998867
194,0.0803212895989418,0.07874744385480881,30.01394639999853
195,0.08033882826566696,0.07877246290445328,30.16503930000181
196,0.08034003525972366,0.07879535853862762,30.32290170000124
197,0.0803212970495224,0.07880090922117233,30.477576000001136
198,0.08033043146133423,0.07883279025554657,30.631159200002003
199,0.08032329380512238,0.0788491740822792,30.778963199998543
200,0.08032787591218948,0.07887845486402512,30.934787099999085
201,0.08030206710100174,0.07887180894613266,31.089265200000227
202,0.0802798792719841,0.07887294888496399,31.24091590000171
203,0.08028433471918106,0.07887738198041916,31.393390900000668
204,0.08029228448867798,0.07890105992555618,31.544253000000026
205,0.08029596507549286,0.07892602682113647,31.690001999999367
206,0.08031737804412842,0.07896566390991211,31.847582200000033
207,0.08032205700874329,0.07898378372192383,32.00010509999993
208,0.0803186222910881,0.07899238169193268,32.15206319999925
209,0.08031546324491501,0.07899799942970276,32.301642999998876
210,0.08033295720815659,0.07903610169887543,32.4485706000014
211,0.08036947250366211,0.07909620553255081,32.59911199999988
212,0.08037703484296799,0.07911406457424164,32.75055319999956
213,0.0803956389427185,0.07915359735488892,32.90350150000086
214,0.08039408177137375,0.07916033267974854,33.056755699999485
215,0.08040690422058105,0.07917143404483795,33.20529389999865
216,0.08041908591985703,0.07918903231620789,33.351249300001655
217,0.08043225109577179,0.07921215891838074,33.49906579999879
218,0.08043720573186874,0.07922739535570145,33.65149740000197
219,0.0804605782032013,0.07926085591316223,33.80551529999866
220,0.08049064129590988,0.0792965367436409,33.951771899999585
221,0.080491803586483,0.07929783314466476,34.101672199998575
222,0.08049926906824112,0.07930933684110641,34.25445949999994
223,0.0805184543132782,0.07933435589075089,34.4038126000014
224,0.08056285232305527,0.07939191162586212,34.5621295000019
225,0.08057589828968048,0.0794091746211052,34.71188230000189
226,0.08057904243469238,0.07941495627164841,34.86562010000125
227,0.08055245876312256,0.07938356697559357,35.01260439999896
228,0.08051813393831253,0.07934435456991196,35.175041300000885
229,0.08046745508909225,0.07929012179374695,35.32318220000161
230,0.08042819052934647,0.07924643903970718,35.47566690000167
231,0.08038681745529175,0.07919798046350479,35.6276480000015
232,0.0803387463092804,0.07914212346076965,35.77876449999894
233,0.0802890881896019,0.07908465713262558,35.92786640000122
234,0.08022758364677429,0.07901623100042343,36.07347329999902
235,0.08016540855169296,0.07894746959209442,36.21952220000094
236,0.08009979128837585,0.07887307554483414,36.36814520000189
237,0.08003818243741989,0.07880152761936188,36.512455600000976
238,0.0799591988325119,0.07871381938457489,36.67226279999886
239,0.07988030463457108,0.0786239355802536,36.81721359999938
240,0.07981908321380615,0.07855173945426941,36.968408400000044
241,0.07975294440984726,0.07847084850072861,37.11540139999852
242,0.07962223142385483,0.07832542061805725,37.26697910000075
243,0.07953750342130661,0.07823216170072556,37.42501569999877
244,0.07941247522830963,0.07809387147426605,37.592103700000735
245,0.07932574301958084,0.07799308001995087,37.74540310000157
246,0.07921148836612701,0.07786465436220169,37.90106350000133
247,0.07912734150886536,0.0777704268693924,38.04772479999883
248,0.07902549207210541,0.07765422761440277,38.201307300001645
249,0.0788678526878357,0.07748059928417206,38.34790110000176
250,0.0787426084280014,0.07734643667936325,38.50059989999863
251,0.07862807810306549,0.0772244781255722,38.65593209999861
252,0.07852397859096527,0.0771096721291542,38.832046499999706
253,0.07842013984918594,0.07698975503444672,38.99333470000056
254,0.07830645143985748,0.0768665298819542,39.13778710000042
255,0.07812042534351349,0.0766654908657074,39.29511210000055
256,0.0780157744884491,0.07655248790979385,39.440909199998714
257,0.07784838229417801,0.07637099921703339,39.59399000000121
258,0.07770427316427231,0.07621611654758453,39.74561929999982
259,0.07759525626897812,0.07609865069389343,39.89877659999911
260,0.07746563106775284,0.07596373558044434,40.0548157000012
261,0.0773453488945961,0.07583403587341309,40.21530170000187
262,0.07722454518079758,0.07570256292819977,40.369772699999885
263,0.0770561695098877,0.07551773637533188,40.52151320000121
264,0.07689648866653442,0.07534266263246536,40.68287050000072
265,0.07674533128738403,0.07517731934785843,40.83182999999917
266,0.07661284506320953,0.07502980530261993,40.98524779999934
267,0.07648373395204544,0.0748843103647232,41.14519260000088
268,0.07630585134029388,0.07468141615390778,41.30297590000191
269,0.07610861212015152,0.0744507685303688,41.45778060000157
270,0.07599230110645294,0.07430393993854523,41.60652409999966
271,0.0758335143327713,0.07407141476869583,41.775496599999315
272,0.07579357922077179,0.07398030906915665,41.92426790000172
273,0.07569584250450134,0.07380999624729156,42.08645520000209
274,0.07561246305704117,0.07360409200191498,42.24251659999936
275,0.07576148211956024,0.07362756878137589,42.402046600000176
276,0.07586995512247086,0.07368113845586777,42.5594001999998
277,0.07596998661756516,0.07374312728643417,42.726741099999344
278,0.07604911923408508,0.07379662245512009,42.885351699998864
279,0.07616933435201645,0.07388372719287872,43.03239129999929
280,0.07629843801259995,0.07398343831300735,43.1906885999997
281,0.07651472836732864,0.07415817677974701,43.348533399999724
282,0.07670996338129044,0.07432037591934204,43.51190080000015
283,0.07703719288110733,0.07459782809019089,43.66061560000162
284,0.07713805884122849,0.0746859684586525,43.81912799999918
285,0.07730559259653091,0.07483025640249252,43.96049409999978
286,0.07747083902359009,0.07497318834066391,44.10348580000209
287,0.07768403738737106,0.07515915483236313,44.25254320000022
288,0.07780905067920685,0.07526864856481552,44.39796389999901
289,0.07795567065477371,0.07539761066436768,44.54990710000129
290,0.07805434614419937,0.07548794150352478,44.69397939999908
291,0.078190878033638,0.07561523467302322,44.84868429999915
292,0.07843172550201416,0.07583476603031158,45.003461600001174
293,0.07861754298210144,0.07600411027669907,45.15887659999862
294,0.07873725891113281,0.07611425220966339,45.31547710000086
295,0.0788765400648117,0.07624508440494537,45.47131590000208
296,0.07896924018859863,0.07633193582296371,45.62908569999854
297,0.07907810062170029,0.07643762230873108,45.7854479000016
298,0.07922115921974182,0.07657911628484726,45.93825519999882
299,0.07930783182382584,0.0766647607088089,46.09299779999856
300,0.07938890159130096,0.07674597948789597,46.24205509999956
301,0.07945753633975983,0.07681134343147278,46.39237839999987
302,0.07951381057500839,0.07686417549848557,46.54511160000038
303,0.07956836372613907,0.07691631466150284,46.69862469999862
304,0.07961557805538177,0.07696347683668137,46.8604763000003
305,0.07969167828559875,0.07704272866249084,47.01706240000203
306,0.07979557663202286,0.07714259624481201,47.176250500000606
307,0.07984235137701035,0.0771898478269577,47.32455929999924
308,0.07988563179969788,0.07723703235387802,47.48683779999919
309,0.07995972037315369,0.07731237262487411,47.645584800000506
310,0.0800880715250969,0.07743975520133972,47.795583899998746
311,0.08013688027858734,0.07749057561159134,47.94847999999911
312,0.0801834985613823,0.07753981649875641,48.09887829999934
313,0.08022503554821014,0.07757970690727234,48.249209199999314
314,0.08026000112295151,0.07761579751968384,48.395683999999164
315,0.08028943836688995,0.0776454284787178,48.55360540000038
316,0.08031197637319565,0.07766994833946228,48.72874099999899
317,0.08033917844295502,0.077705517411232,48.884141499998805
318,0.08035348355770111,0.07772094756364822,49.03169699999853
319,0.08037083595991135,0.07773900777101517,49.19038780000119
320,0.0803808942437172,0.07775074988603592,49.334081799999694
321,0.08038458973169327,0.07775606960058212,49.48550980000073
322,0.08038461953401566,0.07775826752185822,49.64485450000211
323,0.08038131147623062,0.07775437831878662,49.796429800000624
324,0.08037158846855164,0.07774855196475983,49.945957899999485
325,0.08035701513290405,0.0777396485209465,50.101201199999196
326,0.08034423738718033,0.07773276418447495,50.254746099999466
327,0.08032532781362534,0.07771502435207367,50.4054595000016
328,0.08030353486537933,0.07769849896430969,50.55348120000053
329,0.08028087764978409,0.07768315821886063,50.709385099999054
330,0.08025166392326355,0.077663354575634,50.86669009999969
331,0.08021420985460281,0.07763722538948059,51.0291873999995
332,0.0801781639456749,0.0776122435927391,51.1856274999991
333,0.08014155179262161,0.07758107781410217,51.34117830000105
334,0.08010125160217285,0.07754720002412796,51.49817280000207
335,0.08005348592996597,0.0775081217288971,51.64965990000201
336,0.07998118549585342,0.07744599878787994,51.808903299999656
337,0.07991942018270493,0.07739570736885071,51.95838469999944
338,0.0798630490899086,0.07734841853380203,52.11150370000178
339,0.07977394014596939,0.077266164124012,52.282416099998954
340,0.07970649749040604,0.07720321416854858,52.436683700001595
341,0.07959272712469101,0.07709828019142151,52.59231600000203
342,0.07952893525362015,0.07704176008701324,52.74499130000186
343,0.07946252077817917,0.07698336988687515,52.90683060000083
344,0.07936281710863113,0.07689166814088821,53.05837370000154
345,0.07929586619138718,0.07683105766773224,53.20381089999864
346,0.07921067625284195,0.0767519548535347,53.352298199999495
347,0.07913261651992798,0.07667989283800125,53.499906299999566
348,0.07899315655231476,0.07655185461044312,53.647609399999055
349,0.07883758097887039,0.07640758901834488,53.799642400001176
350,0.07873223721981049,0.0763128474354744,53.95202330000029
351,0.07862979918718338,0.07621952891349792,54.10215479999897
352,0.0785277932882309,0.0761277973651886,54.25832259999879
353,0.07842309772968292,0.07603220641613007,54.40802629999962
354,0.07830629497766495,0.07592398673295975,54.581850499998836
355,0.07818754762411118,0.07581399381160736,54.73472279999987
356,0.0780356228351593,0.07567167282104492,54.892986999999266
357,0.07792700827121735,0.07557246088981628,55.049991700001556
358,0.07781878113746643,0.07547470927238464,55.21791740000117
359,0.07770673930644989,0.07537119090557098,55.36231229999976
360,0.0775064006447792,0.07518284767866135,55.51688110000032
361,0.07726293802261353,0.07494563609361649,55.66329269999915
362,0.07705555856227875,0.0747489258646965,55.823039800001425
363,0.07693978399038315,0.07464149594306946,55.97506670000075
364,0.0768195167183876,0.07452631741762161,56.11999850000211
365,0.07672426849603653,0.07443837076425552,56.26633740000034
366,0.0766005590558052,0.07432430237531662,56.414915199999086
367,0.07652247697114944,0.0742572620511055,56.55463289999898
368,0.07643073052167892,0.07417648285627365,56.70693640000172
369,0.07633756846189499,0.07409542053937912,56.85736950000137
370,0.07629021257162094,0.07406183332204819,57.01049540000167
371,0.07626751065254211,0.07405341416597366,57.16276039999866
372,0.07628802955150604,0.07408611476421356,57.31573320000098
373,0.07632138580083847,0.07413206249475479,57.46634020000056
374,0.0763457641005516,0.0741766095161438,57.62084080000204
375,0.07634806632995605,0.07419393211603165,57.77630499999941
376,0.07635585963726044,0.07421652227640152,57.91939089999869
377,0.07638705521821976,0.07426263391971588,58.06927029999861
378,0.07642433047294617,0.07432223111391068,58.21645189999981
379,0.07647189497947693,0.07439970970153809,58.368879199999355
380,0.07658059895038605,0.07454341650009155,58.51163269999961
381,0.07667098939418793,0.074669249355793,58.66572939999969
382,0.0767606794834137,0.07479575276374817,58.825062799998705
383,0.07683448493480682,0.07489566504955292,58.97525619999942
384,0.07689110934734344,0.07496696710586548,59.13481150000007
385,0.07696999609470367,0.07505924254655838,59.298263299999235
386,0.07704542577266693,0.0751507580280304,59.44566130000021
387,0.07711560279130936,0.07523582130670547,59.59284839999964
388,0.07720499485731125,0.07533922046422958,59.74128610000116
389,0.07738737016916275,0.07553233951330185,59.8966399000019
390,0.07746981084346771,0.07562372833490372,60.04524799999854
391,0.07753777503967285,0.07570434361696243,60.20332690000214
392,0.07760760188102722,0.07578220218420029,60.35623779999878
393,0.07767996191978455,0.07586129754781723,60.51390170000013
394,0.07772452384233475,0.07591378688812256,60.66453750000073
395,0.07778041064739227,0.07597646862268448,60.81641640000089
396,0.07783738523721695,0.07603839039802551,60.96400530000028
397,0.07787869870662689,0.07608621567487717,61.10915550000209
398,0.0779171735048294,0.07613162696361542,61.26195229999939
399,0.07794717699289322,0.07616788893938065,61.41641560000062
400,0.07797746360301971,0.07620373368263245,61.56747130000076
401,0.07800978422164917,0.07624036073684692,61.72051949999877
402,0.07803087681531906,0.07626666128635406,61.86334630000056
403,0.07805081456899643,0.07628873735666275,62.01590099999885
404,0.07809802889823914,0.07633255422115326,62.16488749999917
405,0.07809285074472427,0.07633713632822037,62.31478219999917
406,0.07809783518314362,0.07634793221950531,62.468061300001864
407,0.07810766994953156,0.07636567205190659,62.612862800000585
408,0.07810753583908081,0.07637527585029602,62.769663399998535
409,0.07810234278440475,0.07637684047222137,62.91425650000019
410,0.07809127867221832,0.07636429369449615,63.06719710000107
411,0.07808112353086472,0.0763581246137619,63.21846279999954
412,0.07806533575057983,0.07634705305099487,63.36985089999871
413,0.0780373141169548,0.07632605731487274,63.52395890000116
414,0.07801827788352966,0.07632666081190109,63.67618500000026
415,0.07795996218919754,0.07628998160362244,63.82751680000001
416,0.07792412489652634,0.07625310868024826,63.976226900002075
417,0.07789578288793564,0.07622601836919785,64.12483879999854
418,0.07788696885108948,0.07621579617261887,64.27716679999867
419,0.07782068103551865,0.07614905387163162,64.42821439999898
420,0.07775691151618958,0.07608915865421295,64.57450629999948
421,0.077701635658741,0.07603688538074493,64.72622010000123
422,0.07764323800802231,0.07598854601383209,64.87437280000086
423,0.07757072895765305,0.07593751698732376,65.0263554000012
424,0.07750318944454193,0.07587150484323502,65.18633590000172
425,0.07739459723234177,0.07576940208673477,65.34266710000156
426,0.07732465863227844,0.0756927877664566,65.48797529999865
427,0.07728022336959839,0.07564696669578552,65.64602670000022
428,0.07723232358694077,0.07559902220964432,65.80232629999955
429,0.07716158777475357,0.07553177326917648,65.95352189999903
430,0.07710187137126923,0.07547570019960403,66.09843220000039
431,0.0770314559340477,0.07541238516569138,66.25199079999948
432,0.07696273177862167,0.07534781843423843,66.39669290000165
433,0.07688779383897781,0.07528026401996613,66.54302449999886
434,0.07678092271089554,0.07517733424901962,66.70385950000127
435,0.07712560147047043,0.075633205473423,66.85614830000122
436,0.07656412571668625,0.07501717656850815,67.00727299999926
437,0.07648211717605591,0.07492583245038986,67.15897659999973
438,0.07641207426786423,0.07481787353754044,67.30686380000043
439,0.07628320157527924,0.07469433546066284,67.45975779999935
440,0.07618255168199539,0.0746103823184967,67.61110910000207
441,0.07613063603639603,0.07455381751060486,67.75638420000178
442,0.07601039856672287,0.07443201541900635,67.90638670000044
443,0.07584888488054276,0.07427750527858734,68.06038909999916
444,0.07570361346006393,0.07421116530895233,68.20975560000079
445,0.07563769817352295,0.07407723367214203,68.35892869999952
446,0.07627891004085541,0.0743238627910614,68.51913450000211
447,0.07582172751426697,0.07402326911687851,68.66875129999971
448,0.07533913105726242,0.0739351212978363,68.81864320000022
449,0.07522191107273102,0.07381534576416016,68.97285980000015
450,0.07510924339294434,0.07365065813064575,69.12742200000139
451,0.07497259974479675,0.07340172678232193,69.28417610000179
452,0.07488757371902466,0.0733972042798996,69.43628860000172
453,0.07482058554887772,0.0733400508761406,69.59131980000166
454,0.07469982653856277,0.0732184424996376,69.74565530000109
455,0.0746585875749588,0.07319177687168121,69.89834840000185
456,0.07519057393074036,0.07373573631048203,70.05386480000016
457,0.07559993863105774,0.07420656085014343,70.20063039999877
458,0.07585212588310242,0.07458274811506271,70.34725210000033
459,0.07614609599113464,0.07478943467140198,70.49548209999921
460,0.07626314461231232,0.07490208745002747,70.66089510000165
461,0.07636161893606186,0.07502026110887527,70.80697940000027
462,0.07646872103214264,0.07505779713392258,70.95580890000201
463,0.07659463584423065,0.0752389132976532,71.10305610000069
464,0.07673709094524384,0.07544725388288498,71.25306709999859
465,0.07687339186668396,0.07556681334972382,71.40383320000183
466,0.07695060223340988,0.07567589730024338,71.55924969999978
467,0.0770597830414772,0.07576613128185272,71.70925699999862
468,0.07728711515665054,0.07592298090457916,71.86151220000102
469,0.0786522626876831,0.07619304955005646,72.01229120000062
470,0.07808372378349304,0.07622901350259781,72.16102650000175
471,0.07812029868364334,0.07631092518568039,72.3058674999993
472,0.07817641645669937,0.07636915892362595,72.45304659999965
473,0.07812090218067169,0.07631082087755203,72.60558859999946
474,0.07817628979682922,0.07638950645923615,72.7649859000012
475,0.07826698571443558,0.07641209661960602,72.91659540000182
476,0.07830754667520523,0.07645577937364578,73.06725550000192
477,0.0783967599272728,0.07652304321527481,73.22073459999956
478,0.07843727618455887,0.07660449296236038,73.36737809999977
479,0.0782008171081543,0.07673230767250061,73.51159959999859
480,0.07828139513731003,0.07681386172771454,73.66863079999894
481,0.0779343768954277,0.07674908638000488,73.81070099999852
482,0.07795585691928864,0.0768091157078743,73.95721459999913
483,0.07798601686954498,0.07683444023132324,74.09888330000103
484,0.0780215933918953,0.07687415182590485,74.25301050000053
485,0.07809112221002579,0.07691989094018936,74.4082957999999
486,0.07816629856824875,0.07697182148694992,74.56129760000113
487,0.07820051908493042,0.07701370865106583,74.71386910000001
488,0.07821521908044815,0.07709711790084839,74.87953170000037
489,0.07829172164201736,0.0771152600646019,75.03777230000196
490,0.0783400759100914,0.0771416500210762,75.18988760000138
491,0.07838916033506393,0.07716502249240875,75.34182169999985
492,0.07840905338525772,0.07723543047904968,75.4966803999996
493,0.07842222601175308,0.07724554091691971,75.64558899999975
494,0.07879601418972015,0.07915288209915161,75.79666459999862
495,0.07883137464523315,0.07923009246587753,75.95054460000028
496,0.07881328463554382,0.07923746109008789,76.1011385999991
497,0.07878722250461578,0.07926731556653976,76.25507030000153
498,0.07872442901134491,0.07919060438871384,76.4118484999999
499,0.0785311833024025,0.07730621844530106,76.56551740000214
500,0.07838640362024307,0.07729712128639221,76.71117370000138
501,0.07836580276489258,0.07724732905626297,76.86924740000177
502,0.07834528386592865,0.07721435278654099,77.02341140000135
503,0.0783129557967186,0.07718893885612488,77.17731289999938
504,0.0782785639166832,0.07716847211122513,77.33028449999983
505,0.0782121941447258,0.07711555808782578,77.47738340000069
506,0.07817547023296356,0.07707704603672028,77.6291526999994
507,0.07815124094486237,0.07709226757287979,77.78489780000018
508,0.0781334936618805,0.07708267867565155,77.9568661000012
509,0.07841634005308151,0.0770348310470581,78.12247109999953
510,0.07885025441646576,0.0770094245672226,78.2824389999987
511,0.07879594713449478,0.07696367055177689,78.4385469000008
512,0.07870244234800339,0.07690480351448059,78.6090249000008
513,0.07781293243169785,0.07682666182518005,78.75864490000095
514,0.07836157828569412,0.07676683366298676,78.91282259999934
515,0.07823959738016129,0.07676319777965546,79.06676009999865
516,0.07781276851892471,0.0767478495836258,79.23008430000118
517,0.07777966558933258,0.07670891284942627,79.39144970000052
518,0.0777108371257782,0.07663679122924805,79.53613640000185
519,0.0775761529803276,0.0765686184167862,79.6908637000015
520,0.07733035832643509,0.07648161798715591,79.85199790000115
521,0.07717550545930862,0.07635048776865005,80.00145070000144
522,0.0770745649933815,0.07630140334367752,80.15172090000124
523,0.07696902751922607,0.07624596357345581,80.30155290000039
524,0.0769084095954895,0.07618504762649536,80.4546674000012
525,0.0768217146396637,0.07613466680049896,80.59962390000146
526,0.07671786844730377,0.07606925815343857,80.74643680000008
527,0.07662874460220337,0.07602383196353912,80.90799659999902
528,0.07649293541908264,0.07590693235397339,81.06204490000164
529,0.07642142474651337,0.07584008574485779,81.2260806000013
530,0.07636499404907227,0.0758080706000328,81.36944919999951
531,0.076267771422863,0.0757339745759964,81.53077230000054
532,0.0761394202709198,0.07563632726669312,81.68667529999948
533,0.0760391503572464,0.07555953413248062,81.8503907000013
534,0.07593737542629242,0.07548276335000992,82.0163747000006
535,0.07578045129776001,0.0753513053059578,82.16397119999965
536,0.07565644383430481,0.07524954527616501,82.32406249999985
537,0.07554653286933899,0.07515981793403625,82.4819275000009
538,0.0753239095211029,0.07496599853038788,82.63917829999991
539,0.07525364309549332,0.07491903007030487,82.7884868000001
540,0.07518880814313889,0.0748738944530487,82.95520250000118
541,0.07518993318080902,0.07489339262247086,83.11193060000005
542,0.07518402487039566,0.07491575926542282,83.26944189999995
543,0.07522109150886536,0.07497388124465942,83.41774390000137
544,0.07526285946369171,0.0750412866473198,83.57629110000198
545,0.07540042698383331,0.07520756870508194,83.73465510000096
546,0.07548908144235611,0.07530570030212402,83.89855869999883
547,0.07557711005210876,0.0754108875989914,84.0558631999993
548,0.0756952315568924,0.07555440813302994,84.2065814000016
549,0.07587597519159317,0.07574687898159027,84.3503180000007
550,0.07600752264261246,0.07589279115200043,84.4891400000015
551,0.07615552842617035,0.07606067508459091,84.63851749999958
552,0.07636847347021103,0.07629121094942093,84.79110159999982
553,0.07653991132974625,0.07650063931941986,84.94591070000024
554,0.07674165070056915,0.0767197459936142,85.09790509999948
555,0.07685934007167816,0.0768529549241066,85.2476424000015
556,0.07698681950569153,0.07700050622224808,85.40114159999939
557,0.07717698812484741,0.07720205187797546,85.55515079999896
558,0.07726363837718964,0.07729364186525345,85.70686299999943
559,0.07755015045404434,0.07759671658277512,85.85948250000001
560,0.07781284302473068,0.07788286358118057,86.00859480000145
561,0.07796354591846466,0.07805126905441284,86.16154150000148
562,0.07804755866527557,0.07813970744609833,86.30648490000021
563,0.07822202146053314,0.07832294702529907,86.45546190000096
564,0.07834666222333908,0.07846074551343918,86.59797090000211
565,0.07843224704265594,0.07855120301246643,86.74658120000095
566,0.07857886701822281,0.0787055492401123,86.88432140000077
567,0.07871409505605698,0.07885301858186722,87.02998780000053
568,0.07883688062429428,0.07899199426174164,87.1771316000013
569,0.07889946550130844,0.0790567398071289,87.32841420000113
570,0.07904796302318573,0.07921375334262848,87.4766086999989
571,0.0792008638381958,0.07938016206026077,87.62188030000107
572,0.07929424196481705,0.07948197424411774,87.77652039999884
573,0.07944070547819138,0.07964252680540085,87.92589399999997
574,0.0795249193906784,0.07973305135965347,88.07286450000174
575,0.07967787981033325,0.07989885658025742,88.23262700000123
576,0.07975555211305618,0.07998276501893997,88.39360189999934
577,0.07983753085136414,0.08006993681192398,88.54448620000039
578,0.07990533113479614,0.08014199137687683,88.69618730000002
579,0.07997998595237732,0.0802251398563385,88.84568070000023
580,0.08005913347005844,0.08030916750431061,88.99415180000142
581,0.08012524247169495,0.08038020879030228,89.14656110000215
582,0.08018815517425537,0.08044911175966263,89.2996830000011
583,0.08025001734495163,0.08051594346761703,89.44731949999914
584,0.08030612021684647,0.08057718724012375,89.60004219999973
585,0.08036074042320251,0.08063753694295883,89.74409060000107
586,0.08040914684534073,0.08069346100091934,89.89939210000011
587,0.08044001460075378,0.08072470873594284,90.05668220000007
588,0.08047440648078918,0.08076377213001251,90.2100790000004
589,0.08050773292779922,0.08080165833234787,90.35926660000041
590,0.08054018020629883,0.08083776384592056,90.50738899999851
591,0.08056502044200897,0.08086998760700226,90.6458730000013
592,0.08058595657348633,0.08089376986026764,90.79778090000036
593,0.08060543984174728,0.08092322945594788,90.95046640000146
594,0.08061479032039642,0.08094668388366699,91.09950930000196
595,0.08060398697853088,0.0809699222445488,91.25456399999894
596,0.0806964710354805,0.08107197284698486,91.40217029999985
597,0.08071509748697281,0.08109734207391739,91.5529572000014
598,0.08076051622629166,0.08115581423044205,91.70316610000009
599,0.0807676613330841,0.08117549121379852,91.85647959999915
600,0.08077918738126755,0.08119207620620728,92.00349909999932
601,0.08078756928443909,0.08120646327733994,92.14847070000178
602,0.08083818107843399,0.0812768042087555,92.30120520000128
603,0.08084923774003983,0.08130902796983719,92.44574289999946
604,0.0808660089969635,0.08134821057319641,92.59323170000062
605,0.08087807148694992,0.08137646317481995,92.74510609999925
606,0.08091232925653458,0.08142691850662231,92.89346260000093
607,0.08096569031476974,0.0814954861998558,93.04271710000103
608,0.08099152147769928,0.08153236657381058,93.19055920000028
609,0.08100887387990952,0.08155597746372223,93.33111949999875
610,0.08102419972419739,0.08157727867364883,93.48017830000026
611,0.08106446266174316,0.08163954317569733,93.62571200000093
612,0.08109378069639206,0.08168109506368637,93.78380200000174
613,0.0811275914311409,0.08173239231109619,93.93435469999895
614,0.08118816465139389,0.08180935680866241,94.08123960000012
615,0.08130727708339691,0.08193746954202652,94.23049380000157
616,0.08137340098619461,0.08202143013477325,94.37833989999854
617,0.08141094446182251,0.0820775106549263,94.52326410000023
618,0.08144025504589081,0.0821220874786377,94.6666937000009
619,0.08148105442523956,0.0821739137172699,94.81604320000042
620,0.08156309276819229,0.08226838707923889,94.96846550000191
621,0.08160291612148285,0.0823221355676651,95.11913999999888
622,0.08164695650339127,0.08238580822944641,95.26886190000005
623,0.08168427646160126,0.08244007080793381,95.4167524000004
624,0.0817125141620636,0.08247803151607513,95.57038219999959
625,0.08175215125083923,0.08252651244401932,95.7217684999996
626,0.08180457353591919,0.08258522301912308,95.86191150000013
627,0.08181815594434738,0.08260507881641388,96.01594620000105
628,0.08183728158473969,0.08263357728719711,96.1717544000021
629,0.08186762034893036,0.0826733186841011,96.32103519999873
630,0.08186866343021393,0.08267765492200851,96.46476339999936
631,0.08187650889158249,0.08269064128398895,96.61041459999979
632,0.08189781755208969,0.08272073417901993,96.76131259999966
633,0.08194196224212646,0.08277801424264908,96.91421800000171
634,0.08198891580104828,0.0828416645526886,97.0617788999989
635,0.08202161639928818,0.08288861811161041,97.21664859999873
636,0.08206240087747574,0.082944855093956,97.37312179999935
637,0.08207854628562927,0.08297350257635117,97.52923740000188
638,0.08210010081529617,0.08300229907035828,97.68524679999973
639,0.08211297541856766,0.08302648365497589,97.84556190000148
640,0.08212794363498688,0.08305076509714127,97.99977650000073
641,0.08213595300912857,0.08306718617677689,98.15299429999868
642,0.08215175569057465,0.08309007436037064,98.31596669999999
643,0.08216286450624466,0.08310841023921967,98.4626926000019
644,0.08216666430234909,0.08311749249696732,98.6184573999999
645,0.08216985315084457,0.08312755823135376,98.77159889999893
646,0.08216899633407593,0.08313172310590744,98.93130680000104
647,0.08216433972120285,0.08313155174255371,99.08077549999871
648,0.08219888061285019,0.08317290991544724,99.23812890000045
649,0.0822158083319664,0.08319726586341858,99.3905216000021
650,0.0822143703699112,0.08320308476686478,99.5391277000017
651,0.08220083266496658,0.08319498598575592,99.68299520000073
652,0.08220087736845016,0.08320558816194534,99.83164930000203
653,0.08221878111362457,0.08323304355144501,100.00585499999943
654,0.08223111927509308,0.08325589448213577,100.15985880000153
655,0.08223970979452133,0.08327344059944153,100.30517030000192
656,0.0822434276342392,0.08328469842672348,100.45567949999895
657,0.08224977552890778,0.08330048620700836,100.61465719999978
658,0.08224741369485855,0.0833030641078949,100.76413590000084
659,0.08222971856594086,0.08328940719366074,100.91477780000059
660,0.08221665024757385,0.08328153938055038,101.08278950000022
661,0.08220955729484558,0.08327926695346832,101.22730030000093
662,0.0822155624628067,0.0832916721701622,101.38035200000013
663,0.08222819119691849,0.0833108052611351,101.53099020000082
664,0.08222931623458862,0.08332037925720215,101.68419690000155
665,0.08221334964036942,0.08331000804901123,101.83646040000167
666,0.08219212293624878,0.08329393714666367,101.98349790000066
667,0.08216477930545807,0.0832698866724968,102.13873270000113
668,0.08215156942605972,0.08326002955436707,102.29331720000118
669,0.08213943988084793,0.08325250446796417,102.43798940000124
670,0.08213803917169571,0.0832567811012268,102.5906255000009
671,0.08210846781730652,0.08323154598474503,102.74407160000192
672,0.08208704739809036,0.08321258425712585,102.89191950000168
673,0.08206626027822495,0.08319449424743652,103.04493849999926
674,0.08203403651714325,0.08316699415445328,103.20058739999877
675,0.0819811224937439,0.08312530070543289,103.35244869999951
676,0.08193936944007874,0.0830947756767273,103.49978860000192
677,0.08190610259771347,0.08306386321783066,103.65818149999905
678,0.08187352120876312,0.08303265273571014,103.80352960000164
679,0.08183342963457108,0.08299501985311508,103.95198270000037
680,0.0817805826663971,0.08295465260744095,104.10904719999962
681,0.08173426240682602,0.08291482925415039,104.27988940000068
682,0.08169087022542953,0.0828721821308136,104.42382210000142
683,0.08164804428815842,0.0828283429145813,104.5858670000016
684,0.08162128925323486,0.08280292898416519,104.74054610000167
685,0.08158894628286362,0.0827701985836029,104.89636489999975
686,0.08153793960809708,0.08272111415863037,105.0382400999988
687,0.0814799815416336,0.0826662927865982,105.18370119999963
688,0.08143261820077896,0.08262093365192413,105.33868259999872
689,0.08138319849967957,0.0825701504945755,105.4898820999988
690,0.08133266866207123,0.08251962810754776,105.64256680000108
691,0.08127667754888535,0.08246492594480515,105.79963489999864
692,0.08121927082538605,0.08240680396556854,105.95128449999902
693,0.0811578631401062,0.08234620839357376,106.10510730000169
694,0.0810941755771637,0.08228003978729248,106.25185400000191
695,0.08101046085357666,0.08218283951282501,106.40197120000084
696,0.08096492290496826,0.0821361243724823,106.55281730000206
697,0.08091046661138535,0.08207835257053375,106.6964521000009
698,0.08085135370492935,0.08202214539051056,106.84260010000071
699,0.08077315986156464,0.08194734901189804,106.9968669000009
700,0.08070830255746841,0.08187518268823624,107.15072200000213
701,0.08063336461782455,0.08179060369729996,107.30364940000072
702,0.0805911272764206,0.08174513280391693,107.45977019999918
703,0.08053062111139297,0.08168140798807144,107.61804839999968
704,0.08046737313270569,0.08161536604166031,107.78079219999927
705,0.08040309697389603,0.08154738694429398,107.93157100000099
706,0.08035509288311005,0.08149614185094833,108.08538820000103
707,0.08030924201011658,0.0814460813999176,108.23347590000049
708,0.08025293797254562,0.08138672262430191,108.3910606999998
709,0.08018489927053452,0.08131378889083862,108.54313230000116
710,0.08012018352746964,0.08124108612537384,108.68911300000036
711,0.0800580084323883,0.08117509633302689,108.8555223000003
712,0.07999440282583237,0.08110911399126053,109.01616999999897
713,0.07992224395275116,0.08103421330451965,109.16698579999866
714,0.07985886186361313,0.08096574991941452,109.31118730000162
715,0.0798015221953392,0.08089848607778549,109.47288610000032
716,0.07973632961511612,0.08082983642816544,109.66600309999922
717,0.07968562841415405,0.08077255636453629,109.82324670000162
718,0.07962557673454285,0.08070597052574158,109.97546800000055
719,0.07957799732685089,0.08064830303192139,110.13027599999987
720,0.07951943576335907,0.08058397471904755,110.28639570000087
721,0.07947270572185516,0.08053087443113327,110.44372410000142
722,0.0794261246919632,0.08048046380281448,110.59450740000102
723,0.07937094569206238,0.08042044937610626,110.76065989999915
724,0.07932837307453156,0.08036814630031586,110.90913189999992
725,0.07928214967250824,0.08031899482011795,111.0573403999988
726,0.0792275220155716,0.08025939017534256,111.20405860000028
727,0.07916616648435593,0.0801917091012001,111.35624920000191
728,0.07912173122167587,0.08014006912708282,111.50639950000186
729,0.07906409353017807,0.08007828891277313,111.66133980000086
730,0.07900848239660263,0.08001745492219925,111.82074920000014
731,0.07895459234714508,0.07995972037315369,111.9745041999995
732,0.07889340817928314,0.07989265769720078,112.1344683999996
733,0.07883074879646301,0.0798255056142807,112.29241689999981
734,0.07876082509756088,0.07975214719772339,112.44864619999862
735,0.07867980003356934,0.07966750860214233,112.60427680000066
736,0.07862092554569244,0.07960417121648788,112.76479340000151
737,0.07856391370296478,0.07954440265893936,112.91767540000001
738,0.07850381731987,0.07947862893342972,113.07323130000077
739,0.0784313753247261,0.07940226048231125,113.21979030000148
740,0.07835403084754944,0.07932157814502716,113.37287949999882
741,0.0782855972647667,0.07924733310937881,113.5219517000005
742,0.07821549475193024,0.07917270809412003,113.67546560000119
743,0.07814843207597733,0.07910358160734177,113.83233589999872
744,0.07806839048862457,0.07902369648218155,113.99770559999888
745,0.07798877358436584,0.07893934100866318,114.13736739999877
746,0.07790880650281906,0.07885438948869705,114.29371879999962
747,0.07780817151069641,0.07875426858663559,114.43765980000171
748,0.0776953473687172,0.07864176481962204,114.59168779999891
749,0.07762128859758377,0.07856528460979462,114.73865110000042
750,0.0775318294763565,0.07847314327955246,114.89444029999868
751,0.07744508236646652,0.07838380336761475,115.0441787000018
752,0.0773637518286705,0.07829687744379044,115.1902212999994
753,0.07723810523748398,0.07817467302083969,115.34088970000084
754,0.07714534550905228,0.0780799463391304,115.49192110000149
755,0.07704503834247589,0.0779782086610794,115.64581790000011
756,0.0769636258482933,0.07789012044668198,115.79490290000103
757,0.07685156166553497,0.07777788490056992,115.94707439999911
758,0.0766824409365654,0.07761313766241074,116.10161019999941
759,0.07659469544887543,0.07752139121294022,116.25216340000043
760,0.07650136947631836,0.07742617279291153,116.44343780000054
761,0.07641447335481644,0.0773378312587738,116.60008120000202
762,0.07631995528936386,0.0772407054901123,116.75844180000058
763,0.076188825070858,0.07711544632911682,116.90929150000011
764,0.0760529637336731,0.07698432356119156,117.05666980000024
765,0.07595004141330719,0.07688002288341522,117.21590080000169
766,0.07585291564464569,0.07678373903036118,117.37446460000137
767,0.07574565708637238,0.07667876780033112,117.53258959999948
768,0.075620636343956,0.0765577182173729,117.6834459999991
769,0.07554062455892563,0.07647404819726944,117.84280629999921
770,0.07545750588178635,0.07638474553823471,117.9987829999991
771,0.07535777240991592,0.07628141343593597,118.15623150000101
772,0.07523201406002045,0.07616403698921204,118.30683209999916
773,0.07514658570289612,0.07607471942901611,118.45652559999871
774,0.07502427697181702,0.07595567405223846,118.60894760000156
775,0.07493007928133011,0.07585683465003967,118.7593749000007
776,0.07482978701591492,0.07575027644634247,118.9212234000006
777,0.07473757117986679,0.07565247267484665,119.08197440000004
778,0.07465800642967224,0.07556562125682831,119.24494849999974
779,0.07456304132938385,0.07546698302030563,119.39667869999903
780,0.07447490096092224,0.07537581771612167,119.5420109000006
781,0.07438597828149796,0.07528135925531387,119.6961083999995
782,0.07428830862045288,0.07518203556537628,119.84273670000039
783,0.07418406754732132,0.07508167624473572,119.9991329000004
784,0.07408769428730011,0.07498469948768616,120.1507214000012
785,0.07399232685565948,0.07488209754228592,120.30716290000055
786,0.07387831807136536,0.07477332651615143,120.45803689999957
787,0.07378166913986206,0.07469434291124344,120.61027119999926
788,0.07366301864385605,0.07457715272903442,120.75769520000176
789,0.07357330620288849,0.0744834616780281,120.91227620000063
790,0.07347749918699265,0.07439447194337845,121.0740310000001
791,0.07337511330842972,0.07429617643356323,121.21972610000012
792,0.07328945398330688,0.07421884685754776,121.37786480000068
793,0.07317038625478745,0.0741003230214119,121.53216640000028
794,0.07307504117488861,0.07400531321763992,121.69176679999873
795,0.07299415022134781,0.07394149899482727,121.83951929999967
796,0.07290966063737869,0.07386308908462524,121.99561410000024
797,0.07282297313213348,0.07378170639276505,122.14335950000168
798,0.0727231428027153,0.07369209080934525,122.29448480000065
799,0.07263349741697311,0.07361754775047302,122.45367500000066
800,0.07254212349653244,0.0735248252749443,122.60567889999948
801,0.0724571943283081,0.07343596965074539,122.7509237000013
802,0.07236433029174805,0.0733487606048584,122.90369420000206
803,0.07227553427219391,0.0732707604765892,123.05695149999883
804,0.07218163460493088,0.07317062467336655,123.21174999999857
805,0.072099968791008,0.07308600097894669,123.3758940000007
806,0.07200717180967331,0.07298596203327179,123.5318640000005
807,0.07192130386829376,0.07289077341556549,123.68865880000158
808,0.07183179259300232,0.07279393076896667,123.83613859999969
809,0.07171665132045746,0.07266125082969666,123.97939620000034
810,0.07161946594715118,0.07255665212869644,124.13183310000022
811,0.07154734432697296,0.07247192412614822,124.28705610000179
812,0.07144185155630112,0.07234424352645874,124.4530147000005
813,0.07133330404758453,0.07220634818077087,124.59959549999985
814,0.07124731689691544,0.07210247218608856,124.75575310000204
815,0.07117575407028198,0.07202121615409851,124.91193430000203
816,0.07108240574598312,0.07190236449241638,125.05966130000161
817,0.07098137587308884,0.0717618465423584,125.2092190000003
818,0.07090067118406296,0.07165169715881348,125.35805710000204
819,0.07081570476293564,0.07150667160749435,125.52237900000182
820,0.07076790183782578,0.07142522186040878,125.67932600000131
821,0.07072878628969193,0.07135270535945892,125.83422029999929
822,0.07071598619222641,0.071278877556324,125.98420610000176
823,0.07073621451854706,0.07123048603534698,126.12536900000123
824,0.0707603394985199,0.07120712846517563,126.27306089999911
825,0.07075641304254532,0.07118179649114609,126.42956419999973
826,0.07076597213745117,0.07116806507110596,126.5858169000021
827,0.07074844092130661,0.07113618403673172,126.72953039999993
828,0.070774607360363,0.07113716006278992,126.87763220000124
829,0.07077469676733017,0.0711224153637886,127.02388110000174
830,0.07078336924314499,0.07112472504377365,127.16921430000002
831,0.07082103937864304,0.0711350068449974,127.32721619999938
832,0.07090219855308533,0.07117060571908951,127.47122010000021
833,0.07091761380434036,0.07117348909378052,127.61570049999864
834,0.07093691825866699,0.07117945700883865,127.76693950000117
835,0.07097465544939041,0.07119342684745789,127.93054109999866
836,0.07096220552921295,0.07119183242321014,128.09599720000188
837,0.07096845656633377,0.07117441296577454,128.25552120000066
838,0.07096903026103973,0.07116448134183884,128.40773059999992
839,0.07096673548221588,0.07115329056978226,128.55894460000127
840,0.0709657371044159,0.07115020602941513,128.7143302000004
841,0.0709671750664711,0.07115297764539719,128.86571710000135
842,0.07096835225820541,0.07115133851766586,129.03705230000196
843,0.07096937298774719,0.07114614546298981,129.22002229999998
844,0.0709526538848877,0.07114607840776443,129.36543149999852
845,0.07094210386276245,0.07115095853805542,129.5300485000007
846,0.07093212753534317,0.07115180790424347,129.68388780000168
847,0.07093798369169235,0.0711476132273674,129.84190529999978
848,0.07090908288955688,0.07110751420259476,129.99960080000164
849,0.07092851400375366,0.07111506164073944,130.14805419999902
850,0.07092864066362381,0.07110964506864548,130.3027813000008
851,0.07094637304544449,0.07111579179763794,130.45937609999964
852,0.07094834744930267,0.07111462950706482,130.60759139999936
853,0.07097434252500534,0.07112959027290344,130.75706899999932
854,0.07098619639873505,0.07113219797611237,130.91663999999946
855,0.07098916172981262,0.07112960517406464,131.05811170000015
856,0.07099740952253342,0.0711277425289154,131.2109132000005
857,0.07101110368967056,0.07112696766853333,131.3657009999988
858,0.0710425078868866,0.07114168256521225,131.5184885000017
859,0.07105478644371033,0.07114381343126297,131.67914129999917
860,0.07108398526906967,0.07116764038801193,131.85072450000007
861,0.0711142048239708,0.07118602097034454,131.99389710000105
862,0.07114845514297485,0.07120852917432785,132.1375924999993
863,0.07115677744150162,0.0712127760052681,132.28162480000174
864,0.07114284485578537,0.07121613621711731,132.43216630000097
865,0.0711786299943924,0.07123959064483643,132.59636989999854
866,0.07119393348693848,0.07125773280858994,132.74180920000072
867,0.07123837620019913,0.07129114121198654,132.89710639999976
868,0.07131659984588623,0.0713426023721695,133.05423539999902
869,0.07134207338094711,0.07136949896812439,133.20519499999864
870,0.07135601341724396,0.07139347493648529,133.35835729999962
871,0.07140450179576874,0.07143354415893555,133.50926840000102
872,0.07144375890493393,0.07146923243999481,133.66302670000005
873,0.071464404463768,0.07149793207645416,133.82122600000002
874,0.0714755654335022,0.07152663171291351,133.9693761999988
875,0.07145948708057404,0.07154063880443573,134.11658199999874
876,0.07152799516916275,0.0715981051325798,134.26518600000054
877,0.07157576829195023,0.07164642214775085,134.41229060000114
878,0.07160405069589615,0.07167776674032211,134.5680878000021
879,0.07157347351312637,0.07168429344892502,134.715708300002
880,0.07161632925271988,0.07172711193561554,134.86756479999895
881,0.07159778475761414,0.07174806296825409,135.03015159999995
882,0.07160038501024246,0.0717746689915657,135.18591480000032
883,0.07161734998226166,0.07180985808372498,135.33220789999905
884,0.07165008038282394,0.07185044139623642,135.48552610000115
885,0.07166549563407898,0.0718798041343689,135.63531390000207
886,0.07167080044746399,0.0719091147184372,135.78617450000093
887,0.07170304656028748,0.07195114344358444,135.95111700000052
888,0.07175390422344208,0.0720045417547226,136.10330299999987
889,0.07175027579069138,0.07203121483325958,136.25424740000017
890,0.07176920771598816,0.07206608355045319,136.40455510000174
891,0.07176690548658371,0.07209408283233643,136.56100180000067
892,0.07176848500967026,0.07212486863136292,136.7164260999998
893,0.07175815850496292,0.07215236127376556,136.86630910000167
894,0.07178181409835815,0.07219288498163223,137.01912979999906
895,0.07179094105958939,0.07222756743431091,137.17245710000134
896,0.07178591191768646,0.07226497679948807,137.32504970000082
897,0.0718010887503624,0.07231571525335312,137.48080309999932
898,0.0718303993344307,0.07236145436763763,137.63460420000047
899,0.07186546176671982,0.07241640985012054,137.7858527999997
900,0.0718783512711525,0.07246355712413788,137.9297817000006
901,0.0718826875090599,0.0725262314081192,138.093588300002
902,0.07188131660223007,0.07265470921993256,138.24923539999872
903,0.07189013808965683,0.07276064902544022,138.40530030000082
904,0.07191026955842972,0.07286770641803741,138.55939170000056
905,0.071947380900383,0.07298402488231659,138.71402360000138
906,0.07199236750602722,0.07304216176271439,138.86132010000074
907,0.07203458994626999,0.07311639189720154,139.0191973000001
908,0.0721040889620781,0.07319546490907669,139.17469540000093
909,0.07216889411211014,0.07333021610975266,139.32811969999966
910,0.07226857542991638,0.07351743429899216,139.4815516000017
911,0.07232648879289627,0.07363996654748917,139.6376022000004
912,0.07237468659877777,0.07374239712953568,139.78626010000153
913,0.0724649578332901,0.07389146089553833,139.929604500001
914,0.07254534214735031,0.07401043176651001,140.08006640000167
915,0.07262998074293137,0.07415323704481125,140.2364153999988
916,0.07269936054944992,0.07427222281694412,140.39513910000096
917,0.07278108596801758,0.07442318648099899,140.54734680000183
918,0.07284097373485565,0.07452033460140228,140.70548979999876
919,0.07289598137140274,0.07460441440343857,140.85809520000112
920,0.0729454755783081,0.0746721550822258,141.01269440000033
921,0.07302249222993851,0.07479912042617798,141.155557099999
922,0.07307564467191696,0.07486040145158768,141.29895350000152
923,0.07313989847898483,0.07492918521165848,141.45022210000025
924,0.07318500429391861,0.07498685270547867,141.59977380000055
925,0.07322664558887482,0.07505109906196594,141.75270359999922
926,0.07326686382293701,0.07510615140199661,141.9016475999997
927,0.07330436259508133,0.07516854256391525,142.05213210000147
928,0.07335680723190308,0.07526037096977234,142.19705109999995
929,0.0733952671289444,0.0753338634967804,142.34775359999912
930,0.07342635095119476,0.07536683231592178,142.5050059999994
931,0.07346317917108536,0.07541890442371368,142.67967230000068
932,0.07349968701601028,0.07550521939992905,142.85607710000113
933,0.07350178807973862,0.07553265243768692,143.01098289999936
934,0.07353525608778,0.07557718455791473,143.19471980000162
935,0.07356434315443039,0.0756177082657814,143.35159199999907
936,0.07360978424549103,0.07567035406827927,143.52424640000027
937,0.07364647090435028,0.07571446150541306,143.68161849999888
938,0.07368382811546326,0.075797438621521,143.85400730000038
939,0.07370453327894211,0.07585547119379044,144.01725380000062
940,0.07371775805950165,0.0758812204003334,144.17641770000046
941,0.0737316757440567,0.07590673863887787,144.32601240000076
942,0.07374859601259232,0.07593517005443573,144.4773494000001
943,0.0737677738070488,0.07597573101520538,144.63002250000136
944,0.07377384603023529,0.07599320262670517,144.79524669999955
945,0.07377840578556061,0.07600991427898407,144.94602870000017
946,0.0737895742058754,0.07601854205131531,145.10286590000032
947,0.07381021976470947,0.0760493353009224,145.31995800000004
948,0.07380703091621399,0.07605572789907455,145.5052738000013
949,0.07379773259162903,0.07603973150253296,145.67435699999987
950,0.07379494607448578,0.07603313773870468,145.8266423999994
951,0.07378798723220825,0.07601390033960342,145.9879417000011
952,0.07379292696714401,0.07603800296783447,146.14906709999923
953,0.07381734997034073,0.07609915733337402,146.30966350000017
954,0.07382821291685104,0.07610733062028885,146.47466669999994
955,0.07385395467281342,0.07613040506839752,146.6323173000019
956,0.07387182861566544,0.07614009082317352,146.79040729999906
957,0.07389602065086365,0.07617948949337006,146.94378390000202
958,0.07393185794353485,0.07621991634368896,147.16332220000186
959,0.0739670842885971,0.07624085247516632,147.3288829000012
960,0.07399751245975494,0.0762682780623436,147.48003640000024
961,0.07402252405881882,0.07630772888660431,147.65952860000107
962,0.07406163960695267,0.0763261541724205,147.8251182999993
963,0.07410499453544617,0.07635882496833801,147.9916849000001
964,0.07414647936820984,0.07639291882514954,148.15867490000164
965,0.07418715953826904,0.07643485069274902,148.3135493000009
966,0.07422859966754913,0.07651374489068985,148.47172839999985
967,0.07429151982069016,0.07657948136329651,148.63525890000165
968,0.07433579862117767,0.07664856314659119,148.79076129999885
969,0.07438134402036667,0.0766938328742981,148.99859850000212
970,0.07442490011453629,0.07676331698894501,149.16145680000045
971,0.07447388023138046,0.07683708518743515,149.33775139999852
972,0.07451766729354858,0.07691312581300735,149.49397899999894
973,0.07455647736787796,0.07699039578437805,149.64318210000056
974,0.07457823306322098,0.07708320766687393,149.7956641000019
975,0.07459669560194016,0.07723794132471085,149.96245740000086
976,0.07465304434299469,0.0773451179265976,150.12475819999963
977,0.07470273226499557,0.07741167396306992,150.29118720000042
978,0.07475166022777557,0.0774710401892662,150.44040369999857
979,0.07479557394981384,0.07755140960216522,150.59571190000133
980,0.07484741508960724,0.07764332741498947,150.73786929999915
981,0.07488775998353958,0.07773548364639282,150.89053440000134
982,0.07491403073072433,0.07780644297599792,151.03898409999965
983,0.07495803385972977,0.07788440585136414,151.19376180000108
984,0.07498636096715927,0.07797129452228546,151.35007830000177
985,0.07501333206892014,0.07807131111621857,151.50665170000138
986,0.075050488114357,0.07813936471939087,151.6580290999991
987,0.07507527619600296,0.0782279446721077,151.81784379999954
988,0.07507577538490295,0.07831600308418274,151.97022819999984
989,0.0750858411192894,0.07837621122598648,152.10890859999927
990,0.0751134604215622,0.07846072316169739,152.26064229999974
991,0.07512877136468887,0.07855112850666046,152.40575460000036
992,0.07515622675418854,0.07862856984138489,152.55648849999852
993,0.07518888264894485,0.07872569561004639,152.7040788000013
994,0.07519301772117615,0.0788472592830658,152.85019060000195
995,0.07523787766695023,0.07895863801240921,152.9998936000011
996,0.07526394724845886,0.07904794067144394,153.15371220000088
997,0.07528991252183914,0.07914381474256516,153.30372609999904
998,0.07531823962926865,0.07923173904418945,153.45457579999857
999,0.07533323019742966,0.07932514697313309,153.60994009999922
1000,0.07535361498594284,0.0794408768415451,153.76551560000007
1001,0.07538134604692459,0.07954568415880203,153.91441610000038
1002,0.07538764178752899,0.07963813096284866,154.0609547999993
1003,0.07540152966976166,0.07976240664720535,154.2088885000012
1004,0.075426384806633,0.07988321781158447,154.34893450000163
1005,0.07546811550855637,0.08002013713121414,154.49175939999986
1006,0.07550773024559021,0.0801938846707344,154.64418289999958
1007,0.07552799582481384,0.0804426297545433,154.79800420000174
1008,0.07556662708520889,0.08063244074583054,154.9459706000016
1009,0.07560452073812485,0.08076243102550507,155.0980754000011
1010,0.07565019279718399,0.08089195191860199,155.23827620000156
1011,0.07569510489702225,0.08099626749753952,155.38355690000026
1012,0.07573775947093964,0.0811498612165451,155.53226319999885
1013,0.0757932960987091,0.08133337646722794,155.67931559999852
1014,0.07585121691226959,0.08147969841957092,155.84064790000048
1015,0.07591315358877182,0.0816352516412735,155.98883000000205
1016,0.07599657028913498,0.08184365183115005,156.13988210000025
1017,0.07605762034654617,0.08198677003383636,156.28434470000138
1018,0.07614124566316605,0.08219999819993973,156.43633330000011
1019,0.07619388401508331,0.08230434358119965,156.58214719999887
1020,0.07625321298837662,0.08243368566036224,156.73136810000142
1021,0.0763135477900505,0.08256653696298599,156.88398299999972
1022,0.07637175172567368,0.08269854635000229,157.03384050000022
1023,0.07645084708929062,0.08288006484508514,157.17754140000034
1024,0.0764966830611229,0.08296451717615128,157.32879220000177
1025,0.0765308290719986,0.08301255106925964,157.48075679999965
1026,0.0766008123755455,0.08313703536987305,157.62615630000073
1027,0.0766904205083847,0.0833270326256752,157.77628389999882
1028,0.07673044502735138,0.08338995277881622,157.9284790999991
1029,0.07680529356002808,0.08353022485971451,158.07753220000086
1030,0.07685325294733047,0.08361614495515823,158.22228860000178
1031,0.07689154893159866,0.08367087692022324,158.37382400000206
1032,0.07693073898553848,0.08373107761144638,158.5260941000015
1033,0.07695656269788742,0.08376163989305496,158.67740609999964
1034,0.0769822970032692,0.08378341048955917,158.83891310000035
1035,0.07700235396623611,0.08381067961454391,158.99141020000025
1036,0.07703649252653122,0.08386863768100739,159.14353100000153
1037,0.07706040143966675,0.08389705419540405,159.29505609999978
1038,0.07708168774843216,0.08390289545059204,159.44568079999954
1039,0.07709711045026779,0.08391761034727097,159.59853490000023
1040,0.07711388170719147,0.08393058180809021,159.74992860000202
1041,0.07713405042886734,0.08394095301628113,159.9016604999997
1042,0.07715338468551636,0.08395003527402878,160.05054480000035
1043,0.07715966552495956,0.08394525945186615,160.20802299999923
1044,0.07716256380081177,0.08393207937479019,160.3589761000003
1045,0.07716041803359985,0.08390761911869049,160.51091050000105
1046,0.07716312259435654,0.08388424664735794,160.66282879999926
1047,0.0771748349070549,0.08387263864278793,160.80927259999953
1048,0.07718641310930252,0.08387339115142822,160.95869750000202
1049,0.07718906551599503,0.08385048806667328,161.1020826999993
1050,0.07719622552394867,0.08383713662624359,161.25105690000055
1051,0.07720205187797546,0.08382558822631836,161.39844799999992
1052,0.07720284909009933,0.08380322903394699,161.54205770000044
1053,0.07720031589269638,0.08372443169355392,161.69334209999943
1054,0.07719670981168747,0.0836537778377533,161.84758330000113
1055,0.07722049206495285,0.08364935219287872,161.99687189999895
1056,0.07723207771778107,0.08363024145364761,162.14947340000072
1057,0.07726258039474487,0.08360433578491211,162.29814590000024
1058,0.07727998495101929,0.08357361704111099,162.44532900000195
1059,0.07729160785675049,0.08349095284938812,162.5946627000012
1060,0.07730390876531601,0.08335047215223312,162.7479314000011
1061,0.07733303308486938,0.08327088505029678,162.892494300002
1062,0.07736233621835709,0.08326590061187744,163.0434924000001
1063,0.07738957554101944,0.08325687050819397,163.19327460000204
1064,0.07742688804864883,0.0831935852766037,163.3413744999998
1065,0.07746141403913498,0.08319351822137833,163.4926344000014
1066,0.07749348133802414,0.0831923857331276,163.6402334000013
1067,0.07752294838428497,0.08318208158016205,163.7827651000007
1068,0.07755514234304428,0.08316989243030548,163.93840569999884
1069,0.07758810371160507,0.08315885812044144,164.08677800000078
1070,0.07762426137924194,0.08317553251981735,164.23973810000098
1071,0.07765374332666397,0.083189457654953,164.3809169999986
1072,0.07766944915056229,0.08318494260311127,164.532403600002
1073,0.07769521325826645,0.08316776156425476,164.68323769999915
1074,0.07772832363843918,0.08319222182035446,164.8307879999993
1075,0.07775110751390457,0.0831914097070694,164.97659349999958
1076,0.07777833938598633,0.08321232348680496,165.12161149999883
1077,0.07780974358320236,0.0832412838935852,165.2608595999991
1078,0.07782594859600067,0.08322402089834213,165.41114870000092
1079,0.07784650474786758,0.08323934674263,165.55775319999884
1080,0.07784125953912735,0.08323697000741959,165.71181090000027
1081,0.07783107459545135,0.08323352783918381,165.86161390000052
1082,0.0778324156999588,0.08322752267122269,166.01452069999868
1083,0.07782336324453354,0.08322246372699738,166.16318200000023
1084,0.07782736420631409,0.08322595804929733,166.3170671000007
1085,0.0778070017695427,0.08321694284677505,166.46423839999989
1086,0.07782231271266937,0.08322733640670776,166.6098759000015
1087,0.07780690491199493,0.08322083204984665,166.76598530000047
1088,0.0778127908706665,0.08323896676301956,166.93123879999985
1089,0.07781004160642624,0.08323855698108673,167.08416940000097
1090,0.07780999690294266,0.0832475945353508,167.23615190000055
1091,0.0778035819530487,0.08325475454330444,167.38726510000197
1092,0.07779456675052643,0.08325869590044022,167.53690049999932
1093,0.07776056230068207,0.08325134962797165,167.68838669999968
1094,0.07770951092243195,0.08324885368347168,167.83782350000183
1095,0.07768139243125916,0.08324523270130157,167.98093040000094
1096,0.07766884565353394,0.0832442045211792,168.123451200001
1097,0.0776548683643341,0.08324505388736725,168.27492659999916
1098,0.07762156426906586,0.08324222266674042,168.42545170000085
1099,0.07758653163909912,0.08323246985673904,168.57690010000078
1100,0.07755503803491592,0.08323350548744202,168.7190112999997
1101,0.07753592729568481,0.08324365317821503,168.86751210000148
1102,0.07751723378896713,0.08324690908193588,169.0159229000019
1103,0.07746544480323792,0.08323933929204941,169.16619410000203
1104,0.07739195227622986,0.08327989280223846,169.3114487999992
1105,0.07736475020647049,0.08328504115343094,169.457910000001
1106,0.07733409106731415,0.08329803496599197,169.5976512999987
1107,0.07730792462825775,0.08330610394477844,169.7524310000008
1108,0.07729150354862213,0.08331411331892014,169.90126099999907
1109,0.07724562287330627,0.08331901580095291,170.04589729999861
1110,0.0772305354475975,0.08332499861717224,170.19944490000125
1111,0.07719242572784424,0.08331705629825592,170.353792599999
1112,0.07718134671449661,0.08332286775112152,170.49756179999895
1113,0.07717481255531311,0.08339044451713562,170.63899550000133
1114,0.07720750570297241,0.08353769779205322,170.78904550000152
1115,0.07719686627388,0.0835428461432457,170.93580819999988
1116,0.0771971195936203,0.08357364684343338,171.08562679999886
1117,0.07720434665679932,0.08361582458019257,171.23489300000074
1118,0.07722359895706177,0.08367937803268433,171.38494870000068
1119,0.07723996043205261,0.08372799307107925,171.5366839999988
1120,0.07723474502563477,0.0837211087346077,171.6887534999987
1121,0.07723893225193024,0.0837349146604538,171.83961310000086
1122,0.07725036889314651,0.08376456052064896,171.98403080000207
1123,0.07725268602371216,0.08376993983983994,172.1368466999993
1124,0.07726132124662399,0.08378984779119492,172.28673010000057
1125,0.0772666484117508,0.08379851281642914,172.43585050000183
1126,0.07728014886379242,0.08381423354148865,172.58730970000033
1127,0.0772872045636177,0.08381644636392593,172.73741789999985
1128,0.07730422914028168,0.08382616937160492,172.89059660000203
1129,0.07731474936008453,0.08383145928382874,173.0379181999997
1130,0.07732492685317993,0.0838346779346466,173.18306590000066
1131,0.07730232924222946,0.08379078656435013,173.32813309999983
1132,0.07728586345911026,0.08376217633485794,173.46689830000105
1133,0.0772532969713211,0.08371251821517944,173.62115350000022
1134,0.07723062485456467,0.08367275446653366,173.7696638999987
1135,0.0772041529417038,0.08362674713134766,173.91738769999938
1136,0.07717350125312805,0.08357468247413635,174.06898590000128
1137,0.0771426111459732,0.08352593332529068,174.23038430000088
1138,0.07711337506771088,0.08348073810338974,174.38175929999852
1139,0.07706811279058456,0.08341362327337265,174.52905040000041
1140,0.0770324096083641,0.08335933834314346,174.67637739999918
1141,0.07697898894548416,0.08328106999397278,174.82760459999918
1142,0.0769193172454834,0.08319506049156189,174.97081210000033
1143,0.07681231945753098,0.0830409824848175,175.1182289999997
1144,0.07674521207809448,0.08293802291154861,175.2688906000003
1145,0.07668112963438034,0.08283872157335281,175.41891039999973
1146,0.07658027112483978,0.08269701898097992,175.57002450000073
1147,0.07644006609916687,0.08248847723007202,175.7143228999994
1148,0.07636404782533646,0.08237596601247787,175.8735469000021
1149,0.07620298862457275,0.08214303106069565,176.02042789999905
1150,0.07608600705862045,0.08196943253278732,176.16416540000137
1151,0.07601606845855713,0.08186591416597366,176.31281730000046
1152,0.075944684445858,0.08175833523273468,176.4634956000009
1153,0.07583288103342056,0.08159449696540833,176.61273409999922
1154,0.07575714588165283,0.08147944509983063,176.75825450000048
1155,0.0756431296467781,0.0813048854470253,176.9003378999987
1156,0.07548574358224869,0.08106335997581482,177.04289140000037
1157,0.07533561438322067,0.08083126693964005,177.19618529999934
1158,0.07523874938488007,0.08068235963582993,177.34696350000013
1159,0.07514335960149765,0.08052682131528854,177.49843469999905
1160,0.07497936487197876,0.08024989068508148,177.6470405
1161,0.07474244385957718,0.07982221990823746,177.7986908999992
1162,0.07452483475208282,0.07938599586486816,177.95040159999917
1163,0.07439736276865005,0.07909492403268814,178.10229489999983
1164,0.07429429143667221,0.07881981134414673,178.25453840000046
1165,0.07420951873064041,0.07865381985902786,178.40249549999862
1166,0.07414867728948593,0.07835189998149872,178.54729399999997
1167,0.07424049824476242,0.07792574912309647,178.69403819999934
1168,0.07433916628360748,0.07777594029903412,178.84954049999942
1169,0.07441408187150955,0.0777142271399498,179.00463189999937
1170,0.07448221743106842,0.07767239958047867,179.16526910000175
1171,0.07456846535205841,0.0776384174823761,179.31469809999908
1172,0.07471369206905365,0.0776376947760582,179.4607318999988
1173,0.07480914890766144,0.07762734591960907,179.61402140000064
1174,0.07486476004123688,0.07761712372303009,179.7581551000003
1175,0.07498203217983246,0.07762400805950165,179.905339500001
1176,0.0752662792801857,0.07768625020980835,180.0554493999989
1177,0.07552330940961838,0.07776891440153122,180.20820920000187
1178,0.07558450847864151,0.07777516543865204,180.35913699999946
1179,0.07572979480028152,0.07782262563705444,180.51267519999965
1180,0.07578041404485703,0.07783307135105133,180.66480090000186
1181,0.07587609440088272,0.07786703109741211,180.8136283999993
1182,0.0759352520108223,0.07787889242172241,180.95506250000108
1183,0.07598555088043213,0.07788533717393875,181.1253753000019
1184,0.0760301798582077,0.07788529992103577,181.27460200000132
1185,0.07606145739555359,0.077872134745121,181.4242035999996
1186,0.07610665261745453,0.07787935435771942,181.5788614000012
1187,0.07613658159971237,0.0778701901435852,181.7205094000019
1188,0.07617523521184921,0.07787103205919266,181.85997589999897
1189,0.07619956135749817,0.0778665691614151,182.0085665000006
1190,0.07622264325618744,0.0778626799583435,182.1605223000006
1191,0.07623392343521118,0.07785072177648544,182.3016080999987
1192,0.07624451816082001,0.07783911377191544,182.44635800000106
1193,0.07624703645706177,0.07781781256198883,182.5994479000001
1194,0.07625017315149307,0.0777939036488533,182.74850480000168
1195,0.07624693214893341,0.07777146995067596,182.8921150999995
1196,0.07623754441738129,0.07774128019809723,183.04627900000196
1197,0.07622919976711273,0.07771473377943039,183.19982280000113
1198,0.07620906829833984,0.07767701148986816,183.34902610000063
1199,0.0761898010969162,0.07764171063899994,183.49570719999974
1200,0.07617386430501938,0.07761281728744507,183.64850650000153
1201,0.07614848017692566,0.07757235318422318,183.7979403999998
1202,0.0761144682765007,0.07752863317728043,183.94741710000017
1203,0.07607441395521164,0.07748149335384369,184.10096859999976
1204,0.07603415846824646,0.07743474841117859,184.24800799999866
1205,0.07598307728767395,0.07737656682729721,184.3961491000009
1206,0.0759347528219223,0.07731853425502777,184.54413009999917
1207,0.07587939500808716,0.07726253569126129,184.69244199999957
1208,0.07581418007612228,0.07720066606998444,184.84444150000127
1209,0.07575869560241699,0.07714740186929703,184.999766500001
1210,0.0756920874118805,0.07708114385604858,185.1533976999999
1211,0.07561296969652176,0.0770072266459465,185.3046902999995
1212,0.07552670687437057,0.07693345099687576,185.45294540000032
1213,0.07545243948698044,0.07686515897512436,185.60436910000135
1214,0.07537881284952164,0.0767960473895073,185.75234120000096
1215,0.07528793811798096,0.07671728730201721,185.8999014000001
1216,0.07517052441835403,0.07661428302526474,186.04762029999983
1217,0.07508490979671478,0.07653968036174774,186.19388809999873
1218,0.0749748945236206,0.07644395530223846,186.34948839999925
1219,0.07486031949520111,0.07634683698415756,186.5005627999999
1220,0.07475560903549194,0.07625910639762878,186.6557611999997
1221,0.07464036345481873,0.07616298645734787,186.79607500000202
1222,0.07451150566339493,0.07605838775634766,186.94185110000035
1223,0.07432626932859421,0.07591607421636581,187.08381790000203
1224,0.07410255819559097,0.07575673609972,187.23390469999867
1225,0.07396747916936874,0.07564713805913925,187.37888810000004
1226,0.07383093982934952,0.07553909718990326,187.52686670000185
1227,0.07367962598800659,0.07542117685079575,187.68141749999995
1228,0.07348793745040894,0.0752837210893631,187.83306209999864
1229,0.07330252230167389,0.07514443248510361,187.98770230000082
1230,0.07315903156995773,0.0750330239534378,188.1432152999987
1231,0.07303553819656372,0.07493142783641815,188.29297560000123
1232,0.07287439703941345,0.07481656968593597,188.44279209999877
1233,0.07274903357028961,0.0747251883149147,188.59266170000046
1234,0.07259556651115417,0.07461193203926086,188.72973880000063
1235,0.0724756270647049,0.0745287612080574,188.8712631999988
1236,0.07229254394769669,0.0744151771068573,189.0345930000003
1237,0.07213053107261658,0.07430528104305267,189.18839959999968
1238,0.07188110798597336,0.07418003678321838,189.3439799000007
1239,0.0716545358300209,0.0741129070520401,189.490396600002
1240,0.0715242251753807,0.07408706098794937,189.63762860000134
1241,0.07146821916103363,0.07408139109611511,189.78965590000007
1242,0.07143534719944,0.07418543100357056,189.94208010000148
1243,0.0715014711022377,0.07435121387243271,190.08796000000075
1244,0.07154034823179245,0.07443691045045853,190.239163000002
1245,0.07176484167575836,0.07477781921625137,190.3901564000007
1246,0.07203623652458191,0.07511132955551147,190.54023189999862
1247,0.07224918901920319,0.07536973804235458,190.6861788999995
1248,0.07240639626979828,0.07555330544710159,190.83741379999992
1249,0.0725470706820488,0.07570045441389084,190.98914810000133
1250,0.07279327511787415,0.07597210258245468,191.13795169999867
1251,0.07289034873247147,0.07607661187648773,191.28886459999921
1252,0.07300212979316711,0.07619565725326538,191.44150730000183
1253,0.07313565164804459,0.07633313536643982,191.59170330000052
1254,0.07323944568634033,0.07643686980009079,191.7410826000014
1255,0.07332535833120346,0.07652070373296738,191.88896450000175
1256,0.07341799885034561,0.07661202549934387,192.03663679999954
1257,0.07353340089321136,0.0767369419336319,192.18821709999975
1258,0.07363012433052063,0.07683860510587692,192.3381162000005
1259,0.07371487468481064,0.07693256437778473,192.483086799999
1260,0.07380422949790955,0.07701719552278519,192.63293300000078
1261,0.073886938393116,0.07709485292434692,192.78433460000088
1262,0.07397469133138657,0.07718276232481003,192.9358659999998
1263,0.07408090680837631,0.07728026062250137,193.07713570000124
1264,0.07414579391479492,0.07734698802232742,193.2211806000014
1265,0.07422316074371338,0.07742975652217865,193.3743770000001
1266,0.07429389655590057,0.07749824970960617,193.51717709999866
1267,0.07435571402311325,0.07755416631698608,193.66279310000027
1268,0.0744180902838707,0.07760566473007202,193.81039360000068
1269,0.07446783035993576,0.07764512300491333,193.95566680000047
1270,0.07451722025871277,0.07768715918064117,194.10530500000095
1271,0.07456889748573303,0.07773389667272568,194.25525349999953
1272,0.07462004572153091,0.07777780294418335,194.41049679999924
1273,0.07465678453445435,0.07780628651380539,194.55879300000015
1274,0.07468514889478683,0.07782144099473953,194.70359879999887
1275,0.07471803575754166,0.07784860581159592,194.85697820000132
1276,0.07474671304225922,0.07786765694618225,195.01328450000074
1277,0.0747595876455307,0.07786758244037628,195.17085909999878
1278,0.07477301359176636,0.07787230610847473,195.32202270000198
1279,0.07478659600019455,0.07787685841321945,195.48317560000214
1280,0.07478218525648117,0.07785343378782272,195.62711409999974
1281,0.07477208971977234,0.07782848179340363,195.7745008999991
1282,0.07476405799388885,0.07780029624700546,195.92536920000202
1283,0.07476098835468292,0.07778167724609375,196.07887599999958
1284,0.07475413382053375,0.07776336371898651,196.22600919999968
1285,0.07472850382328033,0.07772277295589447,196.37663180000163
1286,0.07473522424697876,0.07769821584224701,196.53077140000096
1287,0.07474126666784286,0.07766583561897278,196.68213630000173
1288,0.07469407469034195,0.07762712985277176,196.82571989999997
1289,0.07464960217475891,0.07757733762264252,196.97201069999937
1290,0.07459323108196259,0.07751069217920303,197.1221121000017
1291,0.07453034818172455,0.07744266837835312,197.2774744999988
1292,0.07447008788585663,0.07737969607114792,197.41634949999934
1293,0.07438930869102478,0.07729513198137283,197.56919860000198
1294,0.07431180030107498,0.07721574604511261,197.72167759999866
1295,0.0742332711815834,0.07712896913290024,197.8678949999994
1296,0.074147529900074,0.07703123986721039,198.0137536000002
1297,0.0740373507142067,0.07690722495317459,198.16941679999945
1298,0.07392299920320511,0.07677572965621948,198.3215678000015
1299,0.07384643703699112,0.07668787240982056,198.4715509000016
1300,0.07376642525196075,0.07659593224525452,198.618449900001
1301,0.0736759826540947,0.07648994773626328,198.77673620000132
1302,0.07353246957063675,0.07632168382406235,198.92697780000162
1303,0.07332561910152435,0.07608208060264587,199.0780651999994
1304,0.07321848720312119,0.07595919817686081,199.22879660000035
1305,0.07309319823980331,0.07581686973571777,199.38239950000207
1306,0.07294026762247086,0.07563814520835876,199.53801100000055
1307,0.07278865575790405,0.07546078413724899,199.68559390000155
1308,0.07264696061611176,0.07529494166374207,199.83844300000055
1309,0.07247705012559891,0.07510234415531158,199.99298519999866
1310,0.07234670221805573,0.07494903355836868,200.15699529999983
1311,0.07218777388334274,0.07476849108934402,200.31157579999854
1312,0.07204664498567581,0.07460840791463852,200.4561031000012
1313,0.07176849246025085,0.07429557293653488,200.6072935000011
1314,0.07156430929899216,0.07406359910964966,200.7624446000009
1315,0.07141818106174469,0.07389795035123825,200.91402649999873
1316,0.07123386114835739,0.07368648052215576,201.06114679999882
1317,0.0710408166050911,0.07345762103796005,201.20969530000002
1318,0.07080753892660141,0.07318497449159622,201.35441100000025
1319,0.07059317827224731,0.07293368875980377,201.50091189999875
1320,0.07037816196680069,0.07267864793539047,201.65838520000034
1321,0.07020622491836548,0.07247014343738556,201.80717530000038
1322,0.07001548260450363,0.07223767787218094,201.95350859999962
1323,0.06979871541261673,0.07196956127882004,202.1016125999995
1324,0.06957942992448807,0.07169865071773529,202.25533740000174
1325,0.06934874504804611,0.07141616195440292,202.3998759999995
1326,0.06911781430244446,0.07112773507833481,202.54679469999974
1327,0.06890283524990082,0.07085468620061874,202.68986790000054
1328,0.0686333030462265,0.07051341980695724,202.84857850000117
1329,0.06848963350057602,0.07032045722007751,203.00012210000205
1330,0.06825980544090271,0.07000806927680969,203.15744740000082
1331,0.06814371794462204,0.06985116750001907,203.31210980000105
1332,0.06801606714725494,0.06966694444417953,203.46305470000152
1333,0.06792832165956497,0.06953341513872147,203.61653940000178
1334,0.06769835948944092,0.06916607916355133,203.76818110000022
1335,0.0675969272851944,0.06879954040050507,203.9207865999997
1336,0.06778740882873535,0.06874281167984009,204.07491500000106
1337,0.06837409734725952,0.06903618574142456,204.23003189999872
1338,0.06850562989711761,0.06911416351795197,204.37697620000108
1339,0.06870243698358536,0.06924479454755783,204.52084850000028
1340,0.06888866424560547,0.06937402486801147,204.67379419999997
1341,0.06907439976930618,0.0695079118013382,204.82782690000022
1342,0.0691923275589943,0.06959322839975357,204.97237659999882
1343,0.06937506794929504,0.06972712278366089,205.120090299999
1344,0.06948206573724747,0.0698075219988823,205.26991220000127
1345,0.06964661180973053,0.0699327290058136,205.42074589999902
1346,0.07008565962314606,0.07028841227293015,205.5757631000015
1347,0.07024024426937103,0.07041462510824203,205.72931059999974
1348,0.07045751065015793,0.07059507071971893,205.87471150000056
1349,0.07060776650905609,0.07071873545646667,206.0366967000009
1350,0.07074893265962601,0.07083440572023392,206.20559340000182
1351,0.07091546058654785,0.07097310572862625,206.37109749999945
1352,0.07107975333929062,0.07111207395792007,206.52269950000118
1353,0.07121649384498596,0.0712282583117485,206.67402629999924
1354,0.07145708799362183,0.07143275439739227,206.82145870000022
1355,0.07159116864204407,0.07154812663793564,206.9707481000005
1356,0.07175242900848389,0.07168768346309662,207.12345210000058
1357,0.07194413989782333,0.07185418903827667,207.27371950000088
1358,0.07211234420537949,0.07199975848197937,207.4215742999986
1359,0.07234343886375427,0.07220245897769928,207.56696260000172
1360,0.07249293476343155,0.07233297824859619,207.71955249999883
1361,0.07262681424617767,0.07244992256164551,207.86616869999852
1362,0.07278332859277725,0.07258857786655426,208.01602940000157
1363,0.07292656600475311,0.07271261513233185,208.1687275000004
1364,0.07305099070072174,0.0728234052658081,208.32306909999897
1365,0.07318586856126785,0.072943314909935,208.47487309999997
1366,0.07331398874521255,0.07305740565061569,208.62399540000115
1367,0.07344472408294678,0.07317431271076202,208.77733440000156
1368,0.07352500408887863,0.0732458308339119,208.92557450000095
1369,0.07362524420022964,0.07333478331565857,209.07137860000148
1370,0.07372839748859406,0.07342693209648132,209.2289430000019
1371,0.07382863014936447,0.07351863384246826,209.37494069999957
1372,0.07388816773891449,0.07357276976108551,209.52300470000046
1373,0.07401320338249207,0.07368434965610504,209.66923690000112
1374,0.07409298419952393,0.07375594228506088,209.81687320000128
1375,0.07416509836912155,0.07382045686244965,209.96507000000202
1376,0.07421938329935074,0.07387054711580276,210.11471579999852
1377,0.07432448118925095,0.07396384328603745,210.26478549999956
1378,0.07441975176334381,0.07405108958482742,210.41670819999854
1379,0.07449764758348465,0.07412254065275192,210.56853129999945
1380,0.07456015050411224,0.07417923957109451,210.7159141000011
1381,0.07464388012886047,0.07425466924905777,210.8615589000001
1382,0.07471232116222382,0.07431629300117493,211.010585
1383,0.07475584745407104,0.07435555011034012,211.16160560000208
1384,0.07484059035778046,0.07442936301231384,211.30901649999942
1385,0.07488451898097992,0.07446718961000443,211.45842040000207
1386,0.07496733218431473,0.07454056292772293,211.60828179999953
1387,0.07505872845649719,0.07462333887815475,211.76254849999896
1388,0.075099878013134,0.07466134428977966,211.91237249999904
1389,0.07512634992599487,0.07468701899051666,212.0648121000013
1390,0.0751604437828064,0.07471931725740433,212.21855760000108
1391,0.07518257200717926,0.07474050670862198,212.3710745999997
1392,0.07527653127908707,0.07482758909463882,212.52349089999916
1393,0.0753328800201416,0.07487943023443222,212.66639230000146
1394,0.07535307109355927,0.07489725202322006,212.81192910000027
1395,0.07539667934179306,0.07493631541728973,212.96017869999923
1396,0.07541842758655548,0.0749550610780716,213.1106710999993
1397,0.0754353329539299,0.074968621134758,213.26335649999965
1398,0.07545682042837143,0.07498674094676971,213.4144512999992
1399,0.07546281069517136,0.07499171793460846,213.56338379999943
1400,0.07548586279153824,0.07501152157783508,213.70248749999882
1401,0.07549045234918594,0.0750158503651619,213.8520040000003
1402,0.07550355046987534,0.07502846419811249,214.0054076999986
1403,0.0754985362291336,0.0750247985124588,214.1626490000017
1404,0.07549706846475601,0.07502342015504837,214.31014359999972
1405,0.07549501210451126,0.07502206414937973,214.45159799999965
1406,0.07549244165420532,0.07501902431249619,214.59707310000158
1407,0.07547704130411148,0.07500569522380829,214.75144649999856
1408,0.07546428591012955,0.07499261200428009,214.90266930000143
1409,0.07544226944446564,0.0749719962477684,215.0523863999988
1410,0.07541713863611221,0.07494942098855972,215.20091519999914
1411,0.07538730651140213,0.07492195069789886,215.3523802999989
1412,0.07535574585199356,0.0748918429017067,215.5015955000017
1413,0.07532099634408951,0.07485859096050262,215.64519569999902
1414,0.07528267800807953,0.07482164353132248,215.80119289999857
1415,0.07524143904447556,0.07478310167789459,215.951390000002
1416,0.0752045288681984,0.0747484415769577,216.09999529999914
1417,0.07516138255596161,0.07470852881669998,216.24475480000183
1418,0.07512557506561279,0.07467568665742874,216.39351610000085
1419,0.07508459687232971,0.07463857531547546,216.53626939999958
1420,0.075032539665699,0.07459190487861633,216.68506179999895
1421,0.0749821588397026,0.0745467022061348,216.83743120000145
1422,0.07492469251155853,0.07449382543563843,216.98754310000004
1423,0.07486879080533981,0.074443019926548,217.13731720000214
1424,0.0748124048113823,0.07438769936561584,217.28497900000002
1425,0.0747547373175621,0.07433011382818222,217.43154460000005
1426,0.07468962669372559,0.07426898181438446,217.5781472000017
1427,0.07461772859096527,0.07420600205659866,217.7268992999998
1428,0.07454097270965576,0.07413898408412933,217.87010839999857
1429,0.0744696781039238,0.07407167553901672,218.01846899999873
1430,0.07438798993825912,0.073995441198349,218.16568919999918
1431,0.07430706173181534,0.07391823828220367,218.31255679999958
1432,0.07422417402267456,0.07384300976991653,218.46351969999887
1433,0.07413516193628311,0.07375971972942352,218.61434440000085
1434,0.07404495775699615,0.07367576658725739,218.76462769999853
1435,0.07394111156463623,0.07358144968748093,218.91085179999936
1436,0.0738479420542717,0.07349533587694168,219.06254210000043
1437,0.07374760508537292,0.07340234518051147,219.2118193999995
1438,0.07365035265684128,0.07331167161464691,219.36624080000183
1439,0.07354136556386948,0.07321137934923172,219.51171270000123
1440,0.07344043999910355,0.0731181800365448,219.66311940000014
1441,0.07332799583673477,0.0730135589838028,219.8186620000015
1442,0.07322118431329727,0.07291380316019058,219.96605819999968
1443,0.07312452793121338,0.07282545417547226,220.11530879999918
1444,0.07301638275384903,0.07272622734308243,220.2671044000017
1445,0.07290183752775192,0.07262326776981354,220.42260879999958
1446,0.07274425774812698,0.07247605174779892,220.58063240000047
1447,0.07263179868459702,0.07237137109041214,220.72137880000082
1448,0.07248731702566147,0.07223722338676453,220.88458040000114
1449,0.07233680784702301,0.07209622114896774,221.03471619999982
1450,0.0721929520368576,0.07196109741926193,221.17923969999902
1451,0.07207246124744415,0.07184962183237076,221.3276838999991
1452,0.0719531998038292,0.07174349576234818,221.46971829999893
1453,0.07182604819536209,0.07162933051586151,221.6254269000019
1454,551464.0,0.07151396572589874,221.78215869999985
1455,553578.1875,0.07141712307929993,221.93484340000214
1456,554675.25,0.07129792869091034,222.0762586000019
1457,554673.4375,0.07120966166257858,222.23199070000192
1458,554663.25,0.07109712064266205,222.38480749999871
1459,554646.25,0.07102339714765549,222.53655340000114
1460,554642.625,0.07095569372177124,222.68279790000088
1461,554622.3125,0.07085586339235306,222.835087200001
1462,554513.375,0.07075287401676178,222.98126830000183
1463,553928.5625,0.07058306038379669,223.12842309999905
1464,550793.0,0.07023067772388458,223.2770375
1465,1068287.5,0.06950845569372177,223.43000640000173
1466,420005.5625,0.07136747241020203,223.57709090000208
1467,420003.625,0.07132232934236526,223.72275330000048
1468,191905.234375,0.07125341147184372,223.86692129999938
1469,0.07169598340988159,0.07129941135644913,224.01539870000124
1470,0.07164684683084488,0.07124987244606018,224.16419200000018
1471,0.07158330082893372,0.07118264585733414,224.31275399999868
1472,125637.6328125,0.07115960866212845,224.45114240000112
1473,141493.8125,0.07133787870407104,224.59476340000037
1474,141479.6875,0.07138761132955551,224.7445258000007
1475,143869.46875,0.07179262489080429,224.88429050000195
1476,125943.5390625,0.07287519425153732,225.0304670000005
